<?xml version="1.0" encoding="UTF-8"?>
<modification>
    <name>Recently Viewed</name>
    <version>1.0</version>
    <author></author>
    <link></link>
	<code>RecentlyViewed</code>
	<!--
	Start
	==========================
	add product id in table if customer viewed some product when logged in else set product id in cookies
	==========================
	-->	<file path="catalog/controller/product/product.php">		<operation>			<search trim="true"><![CDATA[if ($product_info) {]]></search>			<add position="after"><![CDATA[			$this->load->model('extension/module/recently_viewed');
			if($this->model_extension_module_recently_viewed->isEnabled()){
				if ($this->customer->isLogged()) {
					$this->model_extension_module_recently_viewed->setRecentlyViewedProducts($this->customer->getId(), $product_info['product_id']);
				} else {
				
					if(isset($this->request->cookie['recently_viewed']) && !empty($this->request->cookie['recently_viewed'])) {
						$recently_viewed = unserialize(base64_decode($this->request->cookie['recently_viewed']));
						$recently_viewed[$product_info['product_id']] = date("Y-m-d H:i:s");
						// sort by in recent viewed order
						uasort($recently_viewed, function($a, $b){ return strtotime($a) > strtotime($b); });
						array_unique($recently_viewed); // remove duplicates
					} else {
						$recently_viewed[$product_info['product_id']] = date("Y-m-d H:i:s");
					}
					
					$recently_viewed = base64_encode(serialize($recently_viewed));
					setcookie('recently_viewed', $recently_viewed, 0, '/', $this->request->server['HTTP_HOST']);
				}
			}
			]]></add>
		</operation>
	</file>
	<!--
	End
	==========================
	add product id in table if customer viewed some product when logged in else set product id in cookies
	==========================
	-->
</modification>